image,hero,villain,other,victim
memes_4576.png,[],[],"['nation', 'thomas paine']",[]
covid_memes_5512.png,[],[],"['obama', 'barack obama', 'trump', 'donald trump']",[]
memes_1285.png,[],[],"['meme', 'texas', 'democrat']",[]
covid_memes_225.png,[],[],"['coronavirus', 'virus', 'corona']",[]
covid_memes_592.png,[],[],"['electricity', 'bra']",[]
covid_memes_2449.png,[],[],['mask'],[]
covid_memes_5651.png,[],"['donald trump', 'barack obama']","['h1n1', 'h1n1 virus', 'covid19']",['americans']
covid_memes_5569.png,[],['china'],"['2020', 'covid19']","['united states', 'donald trump']"
covid_memes_1839.png,['genovia'],[],['covid19'],[]
memes_8142.png,[],['donald trump'],[],[]
covid_memes_1111.png,[],[],"['face mask', 'wuhan', 'poker']",[]
memes_5055.png,[],[],"['carly fiorina', 'donald trump', 'ted cruz', 'chris christie', 'ben carson', 'marco rubio', 'mike huckabee', 'arco rubio', 'grand old party (gop) debate', 'rand paul', 'jeb bush']",[]
covid_memes_5633.png,[],['donald trump'],"['trump virus', 'america', 'covid19']",['people in america']
memes_1682.png,[],['joe biden'],['democratic party'],[]
covid_memes_769.png,[],['2020'],[],[]
covid_memes_1076.png,[],[],"['diwali', 'company', 'government company', 'private company', 'bonus', 'government']",[]
memes_5712.png,[],[],"['donald trump', 'politics', 'barack obama', 'people', 'joe biden']",[]
memes_987.png,[],[],"['joe biden', 'barack obama']",[]
covid_memes_3001.png,[],['chinese'],"['chinese guy', 'mask']",[]
memes_5022.png,[],['donald trump'],[],[]
memes_8033.png,[],['donald trump'],[],['muslim']
covid_memes_5741.png,[],['donald trump'],"['coronavirus', 'intelligence community', 'russian intelligence', 'russian intelligence. intelligence community']",[]
memes_2675.png,[],[],['joe biden'],[]
memes_3561.png,[],[],"['kids', 'lemonade', 'internal revenue service (irs)']",[]
memes_4735.png,[],['senators'],['gun lobby'],[]
memes_1645.png,[],['democratic party'],['democrat party'],[]
memes_6282.png,[],[],"['joe biden', 'donald trump']",[]
memes_1401.png,[],[],"['new york times editorial board', 'elizabeth warren', 'amy jean klobuchar', 'the washington post', 'the new york times', 'editorial board', 'amy klobuchar']",[]
memes_6838.png,[],"['liberal', 'liberals']","['conservative', 'conservative facts', 'conservatives', 'voters']",[]
memes_1331.png,[],[],[],['democratic party']
covid_memes_698.png,[],[],"['light', 'darkness']",[]
memes_3757.png,[],[],"['nacny fichandler', 'government', 'nancy fichandler']",[]
covid_memes_5623.png,[],['donald trump'],"['centre of disease control (cdc)', 'usa', 'covid19', 'japan', 'island']",[]
memes_993.png,[],[],['barack obama'],[]
memes_3436.png,[],[],"['libertarian', 'rex bell']",[]
covid_memes_2364.png,[],['leftwing'],"['face mask', 'oregon', 'mask', 'donald trump']",['non-white people']
covid_memes_1234.png,[],[],"['bat', 'rat']","['rats', 'bats']"
memes_4236.png,[],[],"['donald trump', 'presidential debate', 'c-span', 'election', 'foreign countries', 'joe biden']",[]
memes_2671.png,[],[],"['bernie sander', 'joe biden', 'barack obama']",[]
memes_1527.png,[],[],[],"['statue of liberty', 'america']"
memes_903.png,[],[],"['vladimir putin', 'latvia', 'donald trump', 'bartender', 'barack obama', 'estonia', 'horse', 'lithuania', 'bar']",[]
covid_memes_5597.png,[],[],"['donald trump', 'covid19', 'trump covid19tini', 'dettol']",[]
covid_memes_5646.png,[],['donald trump'],['covid19'],['usa']
covid_memes_5430.png,[],['donald trump'],"['victim', 'pandemic', 'covid19', 'the trump pandemic']",[]
memes_3732.png,[],[],"['bitcoin', 'libertarian', 'states']",[]
covid_memes_2398.png,[],[],"['life jacket', 'mask', 'sunglasses', 'bike helmet', 'ear plugs', 'ear plufs', 'seat belt', 'sunscreen']",[]
covid_memes_453.png,[],[],['group text'],[]
covid_memes_5564.png,[],[],"['vaccination site', 'healthcare workers', 'vaccination cite']",[]
memes_1000.png,[],[],['barack obama'],[]
covid_memes_5673.png,[],['donald trump'],['netizens'],[]
memes_3663.png,[],"['democrats', 'republicans']","['libertarians', 'libertarian']",[]
covid_memes_5414.png,[],[],"['coronavirus', 'mask', 'sanitizer']",[]
covid_memes_766.png,[],[],"['hunger games districts', 'memers', 'tech companies', 'silicon valley']",[]
covid_memes_1920.png,[],[],"['stay home', 'netflix']",[]
memes_2297.png,[],['green party'],['pennsylvania'],[]
memes_6681.png,[],[],"['presidency', 'senate', 'joe biden']",[]
covid_memes_5759.png,[],[],"['twitter', 'virus', 'donald trump']",[]
covid_memes_5566.png,[],"['president of the united states', 'donald trump']","['unites states', 'covid19']",[]
memes_1561.png,[],"['alexandria ocasio-cortez', 'democratic party']","['medicaid', 'president', 'socialist', 'venezuela']",['illegals']
memes_6637.png,[],"['donald trump', 'hunter biden']","['russian billionaire', 'vice president', 'human trafficing ring', 'human trafficking ring']",[]
memes_8203.png,[],['donald trump'],"['lionel messi', 'messi']",[]
covid_memes_5671.png,[],['donald trump'],"['p.r. spin', 'covid19', 'covfefe']",[]
covid_memes_5584.png,[],['landon spradlin'],"['virginia', 'mass hysteria', 'virginia pastor', 'covid19']",['donald trump']
covid_memes_5695.png,[],[],['donald trump'],['america']
memes_1040.png,[],['joe biden'],"['donald trump', 'barack obama']",[]
covid_memes_2117.png,[],[],"['pfizer', 'moderna']",[]
memes_1668.png,[],['republican party'],"['democratic party foreign policy', 'republican party foreign policy', 'foreign policy', 'democratic party']",[]
covid_memes_5682.png,[],[],['donald trump'],[]
memes_5090.png,[],"['media', 'donald trump']","['debates', 'toupees', 'mosques', 'wind', 'black lives matter']","['mexicans', 'muslims', 'women']"
memes_4876.png,[],"['republican party', 'democratic party']",['criminals'],[]
covid_memes_562.png,[],[],"['purell', 'cashier', '2020']",[]
covid_memes_1892.png,[],[],"['coronavirus', 'work from home', 'local train', 'india', 'mumbai']",[]
covid_memes_5367.png,[],[],"['coronavirus', 'corona', 'ramdas athawale']",[]
memes_3463.png,[],[],"['voluntaryist', 'woke zero', 'libertarian party', 'woke', 'democratic party', 'republican party', 'diet woke']",[]
memes_4602.png,[],[],"['republican party', 'libertarian party', 'black congressmen', 'liberal party']",[]
memes_3665.png,[],[],"['warsaw ghetto', 'libertarian party of indiana', 'libertarian party', 'indiana']",[]
covid_memes_1908.png,[],[],['2020'],[]
memes_1569.png,[],[],['democrat party'],[]
covid_memes_5581.png,['abraham lincoln'],['donald trump'],"['bob woodward', 'bob woodsward']",[]
memes_1399.png,[],"['alexandria ocasio-cortez (aoc )', 'democratic party']","['sweet potatoes', 'aoc challenge']","['kids', 'kid', 'parents']"
memes_4628.png,[],"['republican party', 'democratic party']","['government', 'presidential election']",[]
memes_4504.png,[],"['mike pence', 'joe biden', 'donald trump']","['corporates', 'abraham lincoln', 'covid']",[]
covid_memes_5627.png,[],['donald trump'],"['disinfectants', 'covid19', 'trump supporters', 'disinfectant']",[]
covid_memes_959.png,[],[],['coronavirus memes'],[]
covid_memes_80.png,[],[],['work from home'],[]
memes_5032.png,[],['democrats'],"['republican party', 'america', 'slavery']",[]
memes_1109.png,[],[],"['star wars', 'facepalm', 'barack obama', 'jedi', 'star trek']",[]
memes_3765.png,[],['libertarian party'],"['tfw members', 'anarcho communism', 'libertarian party members', 'members of libertarian party']",[]
covid_memes_1523.png,[],[],"['2020', 'north mumbai', 'spiderman: work from home', 'spiderman: homecoming', 'laptop', 'spiderman', '2017', 'spiderman: far from home', '2019', 'mumbai']",[]
memes_4683.png,[],[],"['mike pence', 'vice president', 'joe biden', 'memes']",[]
memes_1190.png,[],[],"['parkland school shooting', 'andrew pollock', 'democratic party', 'republican party', 'parkland school', 'andrew pollack']",[]
memes_5895.png,[],[],"['nazi', 'richard nixon', 'watergate', 'germany']",['democrats']
covid_memes_1678.png,[],['boomers'],"['coronavirus', 'bathing suit', 'spirit', 'millenials', 'five island', 'bunkers']",[]
covid_memes_5507.png,[],['reopen america protestors'],"['america', 'covid19']",['protestors']
memes_2128.png,[],[],"['farmer', 'facebook']",[]
memes_4770.png,[],[],"['stephen k. bannon', 'intelligence organization', 'grand old party (gop)']",[]
covid_memes_5567.png,['hydroxychloroquine'],[],['donald trump'],[]
covid_memes_1871.png,[],[],['barbie'],[]
covid_memes_137.png,['russia'],[],"['covid19 vaccine', 'valdimir putin', 'vladimir putin']",[]
memes_3530.png,[],['government'],"['montana', 'libertarian party', 'pot', 'war']",['veterans']
memes_4929.png,[],['donald trump'],['trump supporters'],[]
memes_4878.png,[],['right to keep and bear arms'],"['arms', '2020']",[]
covid_memes_222.png,[],"['chinese', 'chinese boy']","['chinese boy coughing', 'virus']",[]
memes_4382.png,[],[],"['2020', 'joe biden', 'donald trump', 'presidential debate']",[]
covid_memes_5713.png,[],['donald trump'],"['covid', 'covid19']",['melania trump']
covid_memes_2473.png,[],[],"['face mask', 'donald trump']",[]
covid_memes_1220.png,[],[],"['ktn news', 'president', 'kenyans', 'covid19']",[]
memes_4825.png,[],"['republican party', 'democratic party']","['god', 'fox news', 'franklin graham']",['america']
memes_3554.png,[],"['donald trump', 'donald trump jr.']","['russia', 'eric trump', 'american banks']",[]
memes_2744.png,[],[],"['donald trump', 'chair', 'office', 'the oval', 'screws', 'joe biden']",[]
memes_4854.png,[],[],['piercing gun'],[]
memes_1261.png,[],['bill clinton'],"['2011', 'democratic party', 'democrats', 'ku klux klan (kkk)', 'robert byrds']",[]
covid_memes_1411.png,['hajia farouq sadiya'],[],"['lockdown', 'nigeria', 'covid19', 'federal government palliative']",[]
memes_1783.png,[],[],"['green party', 'progressives', 'vbnmw crowd', 'progressive']",[]
memes_6548.png,[],[],"['booby traps', 'joe biden', 'barack obama', 'mouse trap']",[]
covid_memes_581.png,[],[],"['cousins', 'unvaccinated children', 'parents', 'parents of unvaccinated children', 'page']",[]
covid_memes_5524.png,"['light and bleach infusement therapy', 'light and infusement therapy']",[],"['donald trump', 'covid19']",[]
covid_memes_5571.png,[],['donald trump'],[],[]
covid_memes_3175.png,[],[],"['wuhan virus', 'wuhan', 'market', 'virus', 'batman']",[]
covid_memes_1266.png,[],[],"['living room', 'easter', 'bedroom']",[]
covid_memes_2426.png,[],[],['mask'],[]
covid_memes_2006.png,[],[],['coronavirus'],[]
covid_memes_5760.png,[],[],['october'],[]
covid_memes_2075.png,[],[],"['the new indian express', 'coronavirus', 'vladimir putin', 'russia', 'coronavirus vaccine']",[]
memes_3568.png,[],[],"['frederic bastiat', 'libertarian party', 'alabama']",[]
memes_2780.png,[],[],"['joe biden', 'barack obama']",[]
memes_4661.png,[],"['adolf hitler', 'donald trump']",[],[]
memes_6535.png,[],[],"['joe biden', 'barack obama', 'cleveland browns']",[]
memes_1808.png,[],[],"['green party', 'donald trump', 'hillary clinton', 'c-span', 'jill stein', 'russia']",[]
covid_memes_5685.png,[],"['fake news', 'donald trump']",[],[]
memes_5793.png,[],['donald trump'],"['american politics', 'donkeys', 'elephants']",[]
memes_4629.png,[],['randy bryce'],['koch bros'],[]
memes_3407.png,[],['donald trump'],"['atf', 'guns']",[]
covid_memes_1893.png,[],[],"['mask', 'social distancing']",[]
covid_memes_446.png,[],[],['virus'],[]
covid_memes_5729.png,[],[],"['west wing', 'castle', 'toilet paper', 'beast', 'quarantine', 'belle']",[]
covid_memes_5530.png,[],[],['donald trump'],[]
covid_memes_72.png,[],[],"['working from office', 'pope francis', 'the pope', 'the high sparrow', 'working from office vs work from home', 'working from home']",[]
covid_memes_2080.png,[],[],"['zoom owners', 'covid vaccine', 'zoom']",[]
covid_memes_73.png,[],[],"['architects', 'government', 'work from home']",[]
covid_memes_325.png,[],[],"['china virus', 'coronavirus', 'spain', 'spanish flu']",['china']
memes_1577.png,[],['donald trump'],[],[]
covid_memes_134.png,[],[],"['covid19 vaccine', 'vladimir putin', 'covid19']",[]
memes_2746.png,[],[],"['joe biden', 'donald trump']",[]
covid_memes_2733.png,[],[],['work from home'],[]
covid_memes_5602.png,[],['donald trump'],"['george bush', 'americans', 'saddam hussain', 'osama bin laden', 'saddam', 'bin laden', 'george walker bush']",['barack obama']
covid_memes_5611.png,[],['2020 producers'],"['coronavirus', '2020']",['donald trump']
memes_5117.png,[],"['mitch mcconnell', 'mitt romney', 'bernie sanders', 'grand old party (gop)']",[],['people']
covid_memes_3056.png,[],[],"['government', 'mask', 'food', 'essential items']",['singaporeans']
memes_1996.png,[],[],"['cosmetologist', 'police officer', 'paramedic']",[]
memes_1512.png,[],[],"['socialism', '2020', 'communism', 'democratic primary']",[]
covid_memes_1619.png,[],[],"['coronavirus memes', 'travel ban']",['travel bloggers']
memes_6898.png,[],['irritable bowl syndrome'],['chris wallace'],[]
memes_899.png,[],[],"['hillary clinton', 'work', 'boss', 'barack obama', 'memes']",[]
memes_3430.png,[],['federal reserve'],['bacon'],[]
covid_memes_5745.png,[],[],"['batman', 'gotham', 'joe biden', 'barack obama']",[]
memes_2017.png,[],"['jo jorgersen', 'jo jorgenson']",['howie hawkins'],[]
covid_memes_5612.png,[],[],"['family group chat', 'joe biden']",[]
memes_8214.png,[],[],"['donald trump', 'barack obama']",[]
memes_6563.png,[],[],"['shrek', 'swamp', 'joe biden', 'barack obama']",[]
covid_memes_3317.png,[],[],"['wuhan virus', 'singaporeans']",['personal mobility devices (pmd) riders']
covid_memes_5460.png,[],['donald trump'],"['sting', 'covid19']",['america']
covid_memes_1038.png,[],[],"['sheep', 'lion', 'friends', 'friend', 'face mask']",[]
memes_4904.png,[],"['republican party', 'donald trump']",[],[]
covid_memes_5761.png,[],[],"['kim jong un', 'pee', 'donald trump', 'kim jong-un']",[]
memes_8271.png,[],['donald trump'],['adolf hitler'],[]
memes_1426.png,[],['democratic party'],"['white house', 'congress', 'rob schneider']",[]
memes_6590.png,[],['joe biden'],[],[]
covid_memes_44.png,[],[],"['vodka', ""russia's covid vaccine"", ""russia's covid19 vaccine""]",[]
covid_memes_5558.png,['donald trump'],[],['barack obama'],[]
covid_memes_91.png,[],[],['chinese virus'],['engineering students']
covid_memes_5681.png,[],[],"['phone', 'donald trump', ""trump's advisors""]",[]
covid_memes_113.png,[],[],['family'],[]
covid_memes_1967.png,[],[],"['coronavirus', 'emojis', 'coronavirus graph']",[]
covid_memes_1157.png,[],[],"['dog', 'mask']",[]
memes_1214.png,['barack obama'],[],[],[]
covid_memes_5480.png,[],['donald trump'],"['windmil cancer', 'windmill cancer', 'coronavirus']",['america']
covid_memes_89.png,[],[],['wuhan virus'],[]
covid_memes_489.png,[],"['coronavirus', 'zika virus', 'bird flu']","['ebola', 'west nile', 'swine flu', 'covid19', 'west nile virus', 'sars']",[]
memes_174.png,[],[],"['guide', 'test', 'nancy pelosi']",[]
covid_memes_5630.png,[],['donald trump'],"['coronavirus', 'virus']",['barack obama']
covid_memes_5726.png,[],[],"['truckers', 'the president', 'donald trump', 'comedy show', 'president', 'supporters']",[]
memes_1026.png,[],[],"['april ryan', 'president', 'barack obama', 'covid conversations']",[]
covid_memes_5505.png,"['dr. anthony fauci', 'dr. dr. anthony fauci', 'dr fauci']",[],"['covid19 pandemic', 'kids', 'pandemic', 'covid19']",[]
covid_memes_5708.png,[],[],"['news', 'covid19', 'donald trump']",[]
memes_6871.png,[],"['hiliary clinton', 'barack obama', 'democratic party', 'joe bdien', 'kamala harris', 'joe biden']","['michelle obama', 'bill clinton', 'michell obama', 'hillary clinton']",[]
memes_6336.png,[],[],['paper ballots'],[]
memes_4864.png,[],['vladimir putin'],['republican party'],[]
covid_memes_5536.png,[],[],"['donald trump', 'kim jong un', ""mcdonald's"", 'kim jong-un', 'mcdonalds']",[]
covid_memes_1263.png,[],[],"['corona memes', 'quarantine', 'self quarantine', 'work from home']",[]
memes_6613.png,[],[],"['macy', 'joe biden']",[]
memes_3601.png,[],[],['liberty memes'],[]
covid_memes_110.png,[],[],['election'],[]
memes_4983.png,[],['republican party'],['grand old party(gop)'],[]
memes_2867.png,[],[],"['donald trump', 'joe biden', 'barack obama']",[]
memes_1257.png,[],[],"['linkedin', 'norwegian social democratic party', 'instagram', 'tinder', 'facebook']",[]
covid_memes_1229.png,[],[],"['2020', 'summer']",[]
covid_memes_5754.png,['barack obama'],[],"['donald trump', 'eclipse']",[]
memes_4459.png,[],[],['presidential debate'],[]
memes_4593.png,[],[],"['transportation security administration (tsa)', 'slavery', 'government shutdown memes', 'republican party', 'tsa']",[]
covid_memes_5616.png,[],[],"['donald trump', 'virus', 'disease', 'covid19']",[]
memes_61.png,[],[],"['green party', 'texas', 'green party canada', 'bitumen', 'government']",[]
covid_memes_2005.png,[],[],['vampire'],[]
memes_6854.png,[],[],"['boss', 'co-workers']",[]
memes_1144.png,[],"['donald trump', 'democratic party', 'the rich', 'democratci party', 'rich people']",[],[]
covid_memes_5719.png,[],['donald trump'],"['government', 'checks']",[]
memes_6496.png,[],[],"['barack obama', 'joe biden', 'donald trump']",[]
covid_memes_5577.png,[],['donald trump'],"['us', 'mike pence', 'covid19']",[]
memes_4896.png,[],['donald trump'],"['american politics', 'republicans']",[]
covid_memes_5687.png,[],[],"['enderman', 'zombie', 'steve', 'donald trump', 'alex', 'dank memes', 'virus', 'reddit']",[]
covid_memes_2242.png,[],"['donald trump', 'barack obama']",['border detention camps'],[]
memes_4313.png,[],[],"['presidential debate memes', 'joe biden', 'donald trump']",[]
covid_memes_580.png,[],[],"['parents', 'kbc', 'kaun banega crorepati (kbc)']",[]
covid_memes_677.png,[],[],['man bun'],[]
memes_5155.png,[],[],"['dog', 'republican party', 'basement']",[]
covid_memes_2483.png,[],[],['mask'],[]
covid_memes_1566.png,[],[],"['toilet paper', 'lionel richie', 'charmin']",[]
memes_5846.png,[],[],"['thatcherism', 'politics', 'levitatus', 'uk', 'memes', 'boris johnson']",[]
covid_memes_2062.png,[],[],"['ramdev  baba', 'covid19', 'baba ramdev', 'memes', 'coronil']",[]
covid_memes_5662.png,[],[],"['bleach', 'donald trump', 'hydroxychloroquine']",[]
covid_memes_5614.png,[],[],"['donald trump', 'trump memes', 'covid19']",[]
memes_1543.png,[],['democrats'],"['government', 'america']",[]
memes_5745.png,[],[],"['elephant', 'alps', 'manhattan project', 'roman guards', 'plutonium', 'uranium']",[]
covid_memes_5563.png,[],['china'],['donald trump'],[]
covid_memes_5747.png,[],[],"['donald trump', 'covfefe']",[]
covid_memes_691.png,[],['coronavirus'],['covid19'],[]
covid_memes_5515.png,[],['netflix'],['car'],[]
covid_memes_5645.png,[],[],"['2020', 'photo']",[]
memes_1387.png,[],['democratic party'],['maxine waters'],[]
memes_4774.png,[],[],"['arianne', 'bush', 'arriane', 'donald trump']",[]
memes_6234.png,[],[],"['iowa caucus', 'iowa caucus vote count']",[]
memes_6682.png,[],[],['joe biden'],[]
covid_memes_1385.png,[],[],"['coronavirus', 'drive thru', 'coronavirus testing']",[]
memes_8193.png,[],[],['donald trump'],[]
memes_4341.png,[],['2020'],['bernie sanders'],[]
covid_memes_1865.png,[],[],['fruit'],[]
memes_3551.png,[],['barack obama'],"['lybia', 'libertarian party', 'war', 'donald trump']",['iran']
covid_memes_2438.png,[],[],"['coronavirus', 'mask', 'donald trump']",['america']
covid_memes_5765.png,"['brack obama', 'barack obama']",['donald trump'],['meme'],[]
covid_memes_5603.png,[],[],"['covid19', 'coronavirus', 'donald trump']",[]
memes_8125.png,[],['donald trump'],"['wall', 'american people']",['mexico']
covid_memes_632.png,[],[],"['grandma', 'tech guy', 'grocery stores', 'phone', 'fish']",[]
covid_memes_982.png,[],[],['pub'],[]
memes_3497.png,[],"['donald trump', 'bill clinton', 'hillary clinton']","['gary johnson', 'deficits', 'budgets', 'taxes']",[]
covid_memes_5626.png,[],[],"['hiliary clinton', 'donald trump', 'hillary clinton', 'bill clinton', 'melania trump']",[]
memes_1477.png,[],['democratic party'],"['meme. pedophile', 'donald trump']",['women']
covid_memes_634.png,[],[],"['bathroom', 'teacher']",[]
memes_4375.png,[],[],"['donald trump', 'cnn', 'melania trump']",[]
memes_4492.png,[],[],"['moderator', 'presidential debate']",[]
covid_memes_5446.png,[],[],"['donald trump', 'covid infection', 'covid', 'covid19', 'melania trump']",[]
covid_memes_5618.png,[],[],"['covid19', 'donald trump']",[]
covid_memes_2222.png,[],[],[],['economy']
memes_3828.png,[],['gary johnson'],['libertarian'],[]
memes_4587.png,[],"['republicans', 'donald trump']",['republican party'],[]
covid_memes_1479.png,[],"['chuck e cheese', 'chuck e. cheese']","['casino', 'rat', 'pizza', 'child casino', 'mascot', 'child']",[]
covid_memes_2049.png,[],[],"['press conference', 'coronavirus', 'peter sarsgaard', 'bat', 'pattinson', 'james pattinson', 'batman']",[]
covid_memes_474.png,[],[],"['study guide', 'test']",[]
memes_6669.png,[],['liberals'],['joe biden'],[]
memes_3893.png,[],[],['birds'],['tax collectors']
covid_memes_5521.png,[],[],"['coronavirus', 'trump', 'donald trump', 'fake news', 'covid19']",[]
covid_memes_1054.png,[],[],"['quarantined', 'quarantine']",['couples']
memes_1718.png,[],['donald trump'],['swamp'],[]
covid_memes_5553.png,[],[],"['nigerian prince', 'donald trump', 'covfefe']",[]
memes_364.png,[],['american politics'],"['allies', 'queen elizabeth']",[]
covid_memes_1176.png,[],[],"['2021', 'march']",[]
covid_memes_5753.png,[],"['president trump', 'donald trump']",['covid19 cure'],['arizona man']
covid_memes_5434.png,[],['donald trump'],"['china', 'covid19']",[]
covid_memes_5534.png,[],[],"['covid19', 'mrs. sailer', 'donald trump']",[]
covid_memes_5608.png,[],[],"['h1n1', 'coronavirus', 'h1n1 virus', 'covid19', 'china']",['donald trump']
covid_memes_5660.png,[],['donald trump'],"['twitter', 'melania trump']",[]
covid_memes_5363.png,[],['shahid afridi'],"['covid19', 'work from home']",[]
covid_memes_5705.png,[],[],['american masters'],[]
covid_memes_5676.png,[],['donald trump'],"['fox news', 'pandemic']",[]
memes_2019.png,[],[],"['bikini', 'tina', 'bride']",[]
memes_3813.png,[],[],"['disney', 'taxation', 'princess leia', 'disney princess']",[]
memes_3716.png,[],[],"['gary johnson', 'states']",[]
memes_1330.png,[],['donald trump'],[],[]
covid_memes_1713.png,[],[],['coronavirus'],[]
covid_memes_1575.png,[],[],"['pasta', 'meditate', 'body-weight training', 'ice-cream', 'quarantine']",[]
memes_6630.png,[],[],['joe biden'],[]
memes_3794.png,[],[],"['third party candidates', 'libertarian party']",[]
covid_memes_5510.png,[],[],"['kim jong un', 'kim jong-un']",[]
covid_memes_1692.png,[],[],"['pubs', 'england', 'coronavirus', 'bbc news', 'restaurants']",[]
memes_8230.png,[],['donald trump'],[],[]
covid_memes_5619.png,[],[],['2020'],[]
memes_8141.png,[],['donald trump'],[],['america']
covid_memes_1204.png,[],[],"['centre of disease control (cdc)', 'coronavirus', 'allergies', 'spring allergies', 'face', 'cdc (central for disease control)']",[]
memes_2097.png,[],[],"['green vehicles', 'green']",[]
memes_3748.png,[],['libertarians'],"['the world', 'libertarian party', 'alabama']",[]
covid_memes_5527.png,[],[],"['maga', 'trump memes', 'martyr']",[]
covid_memes_2031.png,[],[],"['vaccine', 'scientists', 'school', 'coronavirus memes', 'schools', 'coronavirus vaccine']",['parents']
memes_1043.png,[],['barack obama'],['vacation'],[]
covid_memes_5704.png,[],[],"['donald trump', 'kim jong un', 'gym', 'kim jong-un']",[]
memes_4659.png,[],"['grand old party (gop)', 'gop']",[],['people']
covid_memes_5424.png,[],[],"['donald trump', 'covid19', 'qanon']",[]
memes_5100.png,[],"['donald trump', 'trump supporters']",[],[]
covid_memes_77.png,[],[],"['conference call', 'pound']",[]
memes_935.png,[],"['white boy', 'joe biden', 'white guy']","['barack obama', 'black friend', 'teacher']",[]
covid_memes_1260.png,[],[],"['map', 'weekend']",[]
memes_2255.png,[],[],"['donald trump', 'election']","['green party', 'jill stein']"
covid_memes_5546.png,[],[],"['covid19', 'covid', 'donald trump']",[]
memes_3477.png,['gary johnson'],"['donald trump', 'libertarian party', 'hillary clinton']",[],[]
covid_memes_75.png,[],[],"['sheep', 'wilson', 'work from home', 'dog', 'working from home']",[]
covid_memes_51.png,[],[],"['dr. anthony fauci', 'coronavirus vaccine', 'us', 'anhtony fauci', 'business insider']",[]
memes_2741.png,[],[],"['joe biden', 'barack obama']",['america']
covid_memes_1810.png,[],[],"['2020', 'stay home', 'covid19', 'simpsons', 'purell']",[]
covid_memes_5650.png,[],[],"['covid19', 'donald trump']",[]
covid_memes_5750.png,[],[],"['mask', 'donald trump', 'the new yorker']",[]
memes_4705.png,[],"['fox news', 'donald trump']","['conservatives', 'reagan', 'liberal media']",[]
memes_2736.png,[],[],"['mario kart', 'joe biden', 'barack obama', 'presidential medal of freedom']",[]
memes_6732.png,[],"['mitch mcconnell', 'joe biden']","['pedophiles', 'joe biden supporters']",['little girls']
memes_4895.png,[],"['republican party', 'donald trump']","['popcorn', 'americans', 'campaign']",[]
covid_memes_5451.png,[],['donald trump'],"['national emergency', 'covid19']",[]
memes_1110.png,[],[],"['kid', 'white house', 'barcak obama', 'barack obama']",[]
memes_6795.png,['donald trump'],['democrats'],['democrat'],[]
memes_4614.png,[],['donald trump'],['ku klux klan (kkk)'],[]
memes_1629.png,[],"['bernie sanders', 'antifa', 'democratic party']",['hillary clinton'],[]
memes_209.png,[],['capitalism'],['labor jobs'],"['poor people', 'bank accounts']"
covid_memes_5768.png,[],"['jair bolsonaro', 'donald trump']","['brazil', 'the guardian', 'covid', 'bolsanaro', 'covid19']",[]
memes_8067.png,[],[],"['donald trump', 'donald trump rooster statue', 'serena dong', 'china', 'cnn', 'donald trump rooster']",[]
covid_memes_1044.png,[],[],"['experts', 'working from home', 'new yorkers', 'work from home']",[]
memes_6787.png,[],[],"['donald trump', 'civil war', 'joe biden', 'memes']",[]
covid_memes_850.png,[],['us military'],['us citizen'],['us citizens']
covid_memes_2261.png,[],[],['mask'],[]
covid_memes_768.png,[],[],"['covid', 'covid19']",[]
memes_3696.png,[],"['regulation', 'government', 'licensing']","['people', 'taxes', 'libertarians']",[]
covid_memes_5600.png,[],[],['covfefe'],[]
covid_memes_1618.png,[],[],"['quarantine', 'social distancing']",[]
covid_memes_5649.png,[],['donald trump'],"['european', 'covid19']",['europeans']
memes_3639.png,[],[],['libertarian party'],[]
covid_memes_250.png,[],[],"['dog', 'coronavirus', 'throat', 'corona']",[]
covid_memes_670.png,[],[],"['post', 'courier', 'post and courier']",[]
memes_4597.png,[],[],"['republican', 'democrat']",[]
covid_memes_5525.png,[],[],"['halloween', '2020', 'halloween party', 'mask']",[]
covid_memes_2475.png,[],[],"['people', 'doctors', 'mask', 'neighbors']",['nurses']
memes_8260.png,[],"['adolf hitler', 'donald trump']",['id badges'],['muslims']
covid_memes_5702.png,[],[],"['scarlett johnson', 'lost in translation', 'covfefe', 'scarlett johansson', 'bill murray']",[]
covid_memes_5751.png,[],[],"['donald trump', 'covid19', 'american people', 'president', 'mrs trump', 'melania trump']",[]
covid_memes_5582.png,[],['donald trump'],"['new jersey', 'warehouse', 'mask']","['new york', 'illinois']"
memes_3785.png,[],[],"['nevada', 'alt-jedi', 'libertarian party', 'libertarian party of nevada']",[]
covid_memes_49.png,[],[],"['covid vaccine', 'russian vaccine', 'moscow']",[]
covid_memes_1976.png,[],[],"['coronavirus', 'quarantine']",[]
covid_memes_5551.png,[],[],"['jesus christ', 'god']",[]
memes_2275.png,['norway'],[],"['economy', 'molly scott cato', 'sovereign wealth fund', 'oil']",['britain']
covid_memes_5644.png,[],['donald trump'],"['united states of america', 'golfing', 'pandemic', 'gold']",['usa']
memes_4892.png,[],['donald trump'],"['republican party', 'north korea', 'economoy']",[]
covid_memes_5444.png,[],['donald trump'],"['sarscov2', 'melania trump']",[]
covid_memes_2706.png,[],[],['inbox'],[]
covid_memes_767.png,[],['coronavirus'],[],[]
memes_1798.png,[],[],['meryam haddad'],['earth']
memes_6881.png,[],[],"['illegal', 'donald trump', 'logic', 'economics', 'anti-trump', 'government', 'liberal']",[]
covid_memes_5554.png,[],[],"['nancy pelosi', 'donald trump', 'impeachment']",[]
memes_4409.png,[],['kamala harris'],[],[]
memes_4835.png,[],['donald trump'],"['christian', 'anti-christ', 'bible']",[]
covid_memes_765.png,[],[],"['memers', 'tbd', 'silicon valley tech companies', 'legacy image editing tools']",[]
memes_4429.png,[],[],"['dana bash', 'american people', 'abby phillip', 'jake tapper']",[]
covid_memes_1583.png,[],[],"['2020', 'diwali', 'new year', 'people', 'lockdown2', 'lockdwon']",[]
covid_memes_2540.png,[],[],"['gas mask meme', 'mask', 'donald trump', 'stickman']",[]
memes_1191.png,[],"['republican party', 'democratic party']","['communist party', 'kegger party']",[]
covid_memes_5688.png,[],[],"['coronavirus', 'donald tump', 'donald trump', 'flotus', 'covid19', 'quarantine']",[]
covid_memes_1775.png,[],[],"['world health organization (who)', 'world health organisation (who)']",[]
memes_1714.png,[],['donald trump'],['sanctions'],[]
memes_4395.png,[],[],['the candidates debate'],[]
memes_1465.png,[],['democrats'],"['christmas', 'hillary clinton', 'barack obama']",[]
memes_2737.png,[],[],['joe biden'],[]
covid_memes_1993.png,[],[],"['russia', 'covid vaccine', 'coronavirus vaccine', 'memes']",[]
covid_memes_5613.png,[],[],"['donald trump', 'covid19', 'memeing community', 'meme community']",[]
memes_4433.png,[],['mike pence'],['fly'],[]
covid_memes_5540.png,['donald trump'],['joe biden'],['covid19'],[]
covid_memes_1935.png,[],[],"['401k', 'coronavirus graph', 'coronavirus']",[]
memes_1287.png,[],"['democrats', 'joe biden']","['alexandria cortez', '2019', 'hillary clinton']",[]
memes_2665.png,[],[],['joe biden'],[]
covid_memes_1573.png,[],[],"['coronavirus memes', 'jokes', 'quarantine']",[]
covid_memes_2395.png,[],[],"['amazon', 'coronavirus', 'mask']",[]
memes_5911.png,[],['donald trump'],"['trump university', 'melania trump']",[]
memes_4698.png,[],['donald trump'],"['andy borowitz', 'islamic state of iraq and syria (isis)']",[]
covid_memes_2360.png,[],['donald trump'],"['face mask', 'mask', 'america']",[]
memes_1101.png,[],['barack obama'],[],[]
memes_6683.png,[],['joe biden'],[],[]
covid_memes_1844.png,[],[],['virus'],[]
covid_memes_1248.png,[],[],"['buffy the virus slayer', 'apocolypse', 'tv show', 'virus', 'quarantine', 'apocalypse']",[]
covid_memes_2237.png,[],[],"['the great perils of wisdom', 'bangambiki habyarimana', 'enemy', 'mask']",[]
memes_4966.png,[],['republican party'],['slaves'],[]
covid_memes_1117.png,[],[],"['corona', 'anxiety', 'cyclone', 'asteroid', 'human']",[]
covid_memes_5519.png,[],[],['donald trump'],[]
memes_5164.png,[],[],"['kimberly guilfoyle', 'donald trump jr', 'melania trump']",[]
covid_memes_5591.png,[],[],['donald trump'],[]
covid_memes_2210.png,[],"['joe biden', 'donald trump']","['bill clinton', 'barack obama']",[]
memes_4364.png,[],[],['bill clinton'],[]
memes_2853.png,[],[],"['chair', 'home', 'joe biden', 'barack obama']",[]
memes_1125.png,[],['barack obama'],"['rock obama', 'president', 'the rock']",[]
memes_1114.png,[],['barack obama'],['daily wire'],['donald trump']
memes_54.png,[],[],"['green party', 'usa', 'jill stein', 'colourblind people', 'colourblind']",[]
covid_memes_57.png,[],[],"['coronavirus', 'the federalist', 'donald trump', 'tony tenpenny']",[]
memes_4760.png,[],['liberalism'],[],[]
covid_memes_5635.png,[],[],"['covid19', 'president', 'donald trump']",[]
covid_memes_5448.png,[],"['trump', 'donald trump']","['coronavirus', 'democrat', 'democratic party', 'twit', 'national emergency']",[]
covid_memes_1305.png,[],[],"['non covid19 meme', 'dictionary', 'boomers', 'non-covid19 memes', 'wife', 'boomer']",[]
covid_memes_5590.png,[],[],"['donald trump', 'usa', 'covid19', 'memes']",[]
memes_2754.png,[],[],"['joe biden', 'barack obama']",[]
covid_memes_5678.png,[],[],"['presidential debate memes', 'spooktober memes', 'covid19 memes', 'presidential debates', 'presidential debate', 'covid19', 'memes on donald trump', 'memes', 'among us', 'among us memes', 'reddit', 'trump covid19 memes']",[]
memes_1256.png,[],['democratic party'],"['hillary clinton', 'barack obama']",[]
covid_memes_5625.png,[],['donald trump'],"['covid19', 'mdis']",[]
covid_memes_5677.png,['donald trump'],['barack obama'],[],['america']
covid_memes_5548.png,[],[],"['donald trump', 'memes']",['joe biden']
covid_memes_93.png,[],['donald trump'],"['philippines', 'donald trump impeachment', '2020', 'australia on fire', 'volcano', 'china virus', 'killer virus', 'megan markle', 'meghan', '2020-01-01 00:00:00', 'virus', 'harry', 'china', 'world war 3', 'harry and meghan', 'philippines volcano', 'prince harry', 'world war3']","['philippinies', 'royal family', 'australia']"
covid_memes_1331.png,[],[],"['ginawang pageant', 'thermal scanning', 'ginawang']",[]
memes_1223.png,[],['donald trump'],"['rural america', 'russians', 'democratic party']",[]
covid_memes_5450.png,[],[],['covid19'],"['trump', 'donald trump']"
memes_2231.png,[],[],"['green party', 'chloe swarbrick', 'new zealand', 'james shaw']",[]
covid_memes_293.png,[],[],"['hubei', 'coronavirus', 'china']",[]
memes_1644.png,[],['republicans'],['democratic party'],['black community']
covid_memes_5684.png,[],[],"['potus', 'donaald trump', 'donald trump']",['mike lindell']
memes_6844.png,[],[],"['guns', 'police']",[]
covid_memes_78.png,[],[],"['family', 'working remotely', 'commuters']",[]
covid_memes_2213.png,[],[],"['face mask', 'mask', 'donald trump']",[]
memes_3461.png,[],['libertarians'],[],[]
memes_2152.png,[],[],['green party'],[]
covid_memes_476.png,[],[],"['traffic', 'south african flag']",[]
covid_memes_2763.png,[],[],"['work from office vs work from home', 'work from office', 'work from home']",[]
covid_memes_5599.png,[],[],"['minecraft cave update', 'trump with covid19', 'donald trump', 'presidential debate', 'covid19', 'spooktober', 'among us', 'minecraft']",[]
memes_1028.png,[],[],"['president', 'united states', 'joe biden', 'barack obama']",[]
covid_memes_59.png,[],[],"['madame tussauds', 'surgical mask', 'amsterdam']",['donald trump']
memes_4868.png,[],[],"['american flag', 'people']",[]
covid_memes_1027.png,[],[],"['toilet paper', 'coronavirus', 'america', 'memes']",[]
covid_memes_5592.png,[],['donald trump'],"['george bush', 'americans', 'saddam', 'barack obama', 'bin laden', 'george walker bush']",[]
memes_1433.png,[],['bernie sanders'],[],[]
memes_1585.png,['amb chris stevens'],[],['hillary clinton'],[]
memes_6057.png,[],[],"['dnc officials', 'iowa cacus', 'democratic national committee (dnc) officials']",[]
memes_3771.png,[],[],['chicken'],[]
memes_941.png,[],[],"['donald trump', 'barack obama']",[]
covid_memes_5454.png,[],[],"['coronavirus', 'corona', 'donald trump', 'reddit']",[]
memes_2261.png,[],[],['fishes'],[]
memes_1312.png,[],[],"['democrat party', 'bernie sanders', 'kamala harris', 'joe biden']",[]
memes_4811.png,[],[],"['republican party', 'republican']",[]
covid_memes_224.png,[],[],"['world', 'wuhan university', 'coronavirus', 'wuhan', 'china', 'food markets']",[]
memes_2192.png,[],['nigel farage'],"['green party', 'ukip politician', 'bluefin tuna']",[]
covid_memes_5417.png,[],[],['2020'],[]
covid_memes_1033.png,[],[],['2021'],[]
covid_memes_5580.png,[],[],"['virus', 'medicine', 'lysol', 'donald trump']",[]
covid_memes_64.png,[],[],"['working from home', 'work from home']",[]
memes_3525.png,[],[],"['dog', 'park']",[]
covid_memes_2359.png,['sun'],['donald trump'],"['face mask', 'covid19', 'mask', 'covfefes']",[]
memes_5145.png,[],"['republican party', 'grand old party (gop)']","['john updike', 'americans']",[]
covid_memes_986.png,[],[],"['red dwarf', 'doug naylor', 'quarantine', 'twitter']",[]
memes_4778.png,[],[],['henry david thoreau'],[]
covid_memes_5617.png,['gaston'],[],"['self isolating', 'quarantines', 'covid19']",[]
covid_memes_5742.png,[],['joe biden'],['mask'],[]
covid_memes_5389.png,[],[],"['cat', 'covid19', 'work from home', 'working from home', 'self isolation']",[]
memes_6340.png,[],[],"['construction worker', 'donald trump', 'barack obama', 'orange hat', 'joe biden']",[]
covid_memes_5739.png,[],"['white house (wh)', 'donald trump']","['coronavirus', 'covid19']",[]
covid_memes_5615.png,[],['donald trump'],"['mask', 'covid19']",[]
covid_memes_5601.png,[],[],"['white house', 'eclipse', 'donald trump', 'melania trump']",[]
memes_5842.png,[],['donald trump'],['brian williams'],[]
memes_6695.png,[],['joe biden'],[],[]
covid_memes_76.png,[],[],"['pilot', 'working from home', 'work from home']",[]
memes_3523.png,[],[],"['gary johnson', 'libertarians', 'libertarian party']",[]
covid_memes_2041.png,[],[],['toilet paper'],[]
covid_memes_2649.png,[],[],"['kids', 'working at home', 'work from home']",[]
covid_memes_5737.png,[],[],"['chinese', 'coronavirus', 'chinese virus']",[]
memes_6756.png,[],['joe biden'],"['knee pads', '2020', 'pee pads', 'kamal harris', 'kamala harris']",[]
covid_memes_5595.png,[],['donald trump'],['coronavirus'],['people']
memes_6677.png,[],"['government', 'joe biden']",[],[]
covid_memes_1873.png,[],[],"['genx', 'millennials', 'millenials', 'boomers']",['gen x']
covid_memes_235.png,[],[],"['coronavirus', 'china']",[]
memes_1202.png,[],"['democrats', 'xi jinping']","['americans', 'covid19']",['donald trump']
covid_memes_1058.png,[],[],"['ads', 'dettol ads', 'dettol']",[]
covid_memes_5526.png,[],[],"['covid', 'covid19']","['trump', 'donald trump']"
memes_2057.png,[],['alt-right'],"['green party', 'neo-nazi', 'donald trump', 'activism']",[]
covid_memes_5358.png,[],[],['work from home'],[]
covid_memes_1318.png,[],[],['social distancing'],[]
memes_5659.png,[],[],['hobbies'],[]
covid_memes_1334.png,[],[],['kingfisher'],[]
memes_5835.png,[],['government'],['statues'],[]
memes_8178.png,[],['donald trump'],"['lord voldemort', 'muggles']",[]
covid_memes_830.png,[],"['coronavirus', 'joe biden']",[],[]
memes_6104.png,[],[],['poll workers'],['black people']
memes_4680.png,[],['republican party'],[],[]
memes_5821.png,[],['capitalism'],"['turning point usa', 'movies']",[]
covid_memes_5516.png,[],[],"['barbie', 'quarantine', 'quarantine barbie', 'non-essential worker']",[]
memes_931.png,[],[],"['ai', 'artificial inelligence']",['barack obama']
covid_memes_31.png,['ramdev baba'],[],"['covid19', 'work week', 'patanjali', 'covid19 cure', 'coronil']",[]
covid_memes_5609.png,[],[],"['dogs', 'covid19', 'coronavirus']",[]
memes_3759.png,"['libertarian party', 'immigrants']",[],['america'],[]
memes_8198.png,[],[],"['islamic state of iraq and syria (isis)', 'donald trump']",[]
covid_memes_5586.png,[],[],"['mike pence', 'joe biden', 'barack obama']",[]
memes_3873.png,[],[],"['anti-fascist', 'libertarians']",[]
covid_memes_2362.png,[],[],"['coronavirus', 'lone ranger', 'mask', 'donald trump']",[]
covid_memes_5653.png,[],['donald trump'],"['coronavirus', 'lungs', 'covid19', 'us president', 'scientist', 'disinfectant', 'scientific community']",[]
covid_memes_271.png,[],['products made in china'],"['products', 'china', 'virus']",[]
memes_1943.png,[],[],"['pool party', 'food']",[]
covid_memes_5733.png,[],[],['quarantine'],[]
memes_3352.png,[],"['mitt romney', 'barack obama']","['kids', 'women']",[]
memes_8048.png,[],[],['donald trump'],[]
memes_1041.png,[],[],"['wikipedia', 'barack obama']",[]
memes_6801.png,[],['black lives matter riots'],['candace owens'],"['black lives', 'white police officers', 'blacks']"
memes_4538.png,[],[],"['mask', 'star']",[]
covid_memes_1025.png,[],[],['coronavirus'],[]
memes_8276.png,[],[],"['hiliary clinton', 'hillary clinton', 'donald trump', '2016 election', 'ashton kutcher']",[]
covid_memes_237.png,[],[],"['virus', 'asia', 'plague inc gods', 'sars']",['china']
memes_6587.png,[],"['democrats', 'joe biden']",[],[]
covid_memes_5452.png,[],[],"['hillary clinton', 'covid19', 'hiliary clinton', 'donald trump']",[]
memes_4803.png,[],[],"['kids', 'general education development (ged)', 'homeschool']",[]
memes_6051.png,[],[],"['2020', 'donald trump', 'memes', 'joe biden', 'us election']",[]
memes_6873.png,[],[],"['petting zoo', 'zoo', 'barack obama', 'school', 'elementary school', 'joe biden']",[]
memes_5836.png,[],['ronald reagan'],"['ebola', 'hiv/aids']",['usa']
covid_memes_5732.png,['barack obama'],['donald trump'],['us federal pandemic response team'],[]
memes_1731.png,[],"['jeffrey epstein', 'donald trump']",[],['13 year old girl']
memes_1810.png,[],[],"['communitariaism', 'leftism', 'communitariansim', 'individualism', 'rightism']",[]
memes_2795.png,[],[],"['milkshakes', 'white house', 'joe biden', 'barack obama']",[]
covid_memes_5764.png,[],[],"['coronavirus', 'donald trump']",[]
memes_6664.png,[],[],"['kamala harris', 'mike pence', 'vice presidential debate']",['joe biden']
covid_memes_2221.png,['narendra modi'],[],['mask'],[]
memes_8037.png,[],['donald trump'],[],[]
memes_5743.png,[],['donald trump'],['flip flops'],[]
covid_memes_5427.png,[],['donald trump'],"['disinfectant', 'covid19', 'medical experts', 'disinfectants']",[]
covid_memes_2645.png,[],[],"['family', 'plans', 'work from home']",[]
memes_8167.png,[],['donald trump'],"['trump card', 'slowking']",[]
memes_3516.png,[],[],"['libertarian party of indiana', 'libertarian party', 'indiana']",[]
covid_memes_5663.png,[],[],"['pope francis', 'francis pope', 'donald trump']",[]
covid_memes_1755.png,[],[],"['meme', 'school', 'fall', 'teacher']",[]
covid_memes_5647.png,[],['donald trump'],['covid19'],[]
memes_3871.png,[],[],"['chicken', 'libertarian']",[]
memes_6648.png,[],[],"['debate', 'joe biden', 'donald trump']",[]
memes_2863.png,[],['donald trump'],"['band', 'world health organization (who)', 'joe biden']",[]
covid_memes_3135.png,['donald trump'],['liberals'],"['wuhan virus', 'bats', 'robin', 'batman']",[]
memes_6272.png,[],[],['election day'],[]
covid_memes_1867.png,[],[],['quarantine'],[]
memes_1232.png,[],[],"['slaves', 'america']",['irish']
covid_memes_5593.png,[],['donald trump'],"['leftist', 'travel ban', 'leftists', 'covid19']",[]
memes_38.png,[],['democratic party'],"['islam', 'democratic national islamic party', 'democrat national islam party']",[]
covid_memes_5511.png,[],['donald trump'],['covfefe'],[]
memes_3520.png,[],['ron swanson'],"['apple', 'libertarian party', 'alaska', 'business']",[]
memes_4434.png,[],[],"['donald trump', 'debate', 'hillary clinton', 'presidential debate']",[]
covid_memes_773.png,[],[],"['coronavirus vaccine', 'vaccines', 'combined vaccines']",[]
memes_4881.png,[],"['republicans', 'vladimir putin', 'donald trump']","['america kremlin', 'kremlin']",['america']
memes_6350.png,[],['joe biden'],['dementia'],[]
covid_memes_5628.png,[],[],"['presidential debate memes', 'spooktober memes', 'cave update memes', 'among us memes', 'reddit', 'trump covid19 memes']",[]
covid_memes_2619.png,[],[],"['working from home. office', 'politics', 'work from home', 'office', 'working from home', 'shoes']",[]
memes_1684.png,[],[],"['alexandria cortez', 'missiles', 'democrat party', 'china']",[]
memes_1335.png,[],['donald trump'],"['illegal', 'muslim', 'government']",[]
covid_memes_409.png,[],[],"['chinese doctor', 'tweet', 'coronavirus', 'bbc news']",[]
memes_4693.png,[],[],"['ann coulter', 'republican party', 'rush limbaugh', 'barack obama']",[]
memes_3854.png,['libertarian'],[],"['america', 'democrat']",[]
covid_memes_5652.png,[],[],"['quarantined', 'kids', 'lava', 'floor', 'kid', 'quarantine']",[]
covid_memes_5594.png,[],[],"['virus', 'jared kushner', 'the daily show', 'harvard']",[]
covid_memes_5712.png,[],['donald trump'],"['united nations (un)', 'colin powell', 'china', 'covid19']",[]
memes_4773.png,[],[],"['voters', 'hillar clinton', 'donald trump', 'hillary clinton', 'child concentration camps']",['children']
covid_memes_1173.png,[],[],"['diwali', 'diwali bonus']",[]
memes_1584.png,[],['democratic party'],"['starter pack', 'protest']",[]
covid_memes_5656.png,[],['donald trump'],"['debate', 'covid19']",[]
memes_5786.png,[],['kids'],"['george washington', 'country']",[]
covid_memes_5675.png,[],[],['coronavirus'],[]
covid_memes_215.png,[],[],"['greenland', 'virus', 'plague inc players']",[]
memes_5854.png,[],[],"['teenage trump supporters', 'america', 'hillary clinton', 'teenage trump', 'school', 'liberals', 'trump supporters']",[]
memes_8212.png,[],['donald trump'],['president'],[]
covid_memes_1590.png,[],[],"['toilet paper', 'coronavirus', 'jumanji', 'game of thrones']",[]
covid_memes_5736.png,[],[],"['coronavirus task force', 'coronavirus', 'donald trump']",[]
memes_3739.png,[],[],"['people', 'hats']",[]
memes_1363.png,[],['democratic party'],['terrorist sleeper cell'],[]
covid_memes_1067.png,[],['coronavirus'],"['stay home', 'simpsons', 'covid19', 'home']",[]
covid_memes_877.png,[],[],"['vaccine', 'scaremongering']",[]
covid_memes_2354.png,[],[],"['mask', 'donald trump', 'stickman trump', 'face mask', 'gas mask']",[]
covid_memes_887.png,[],[],"['coronavirus', 'mask']",[]
covid_memes_1875.png,[],[],['covid19 memes'],[]
memes_3626.png,[],['libertarians'],['cats'],[]
memes_4739.png,[],[],['donald trump'],[]
covid_memes_5666.png,[],[],['covfefe'],[]
covid_memes_633.png,[],[],['meme'],[]
covid_memes_1077.png,[],[],"['dating apps', 'social distancing', 'poem', 'jane austen']",['dudes on dating apps']
memes_137.png,[],['republican party'],[],[]
memes_1230.png,[],['donald trump'],['kids'],[]
memes_4946.png,[],['republican party'],['health insurance'],['people']
covid_memes_5738.png,[],['walmart'],"['pants', 'mask', 'customers']",[]
memes_4520.png,[],"['republican party', 'mike pence']",['donald trump'],[]
covid_memes_5697.png,[],[],"['coronavirus', 'mask']",[]
memes_2866.png,[],[],"['donald trump', 'joe biden', 'barack obama', 'knuckle sandwiches']",[]
covid_memes_5674.png,[],[],"['2020', 'black mirror', 'donald trump', 'black mirror 2020', 'dr. anthony fauci', 'covid19', 'anthony fauci', 'joe biden']",[]
covid_memes_1225.png,[],[],"['meme', '2020', 'calendar']",[]
covid_memes_5700.png,[],[],['military'],[]
covid_memes_679.png,[],[],"['genx', 'millennials', 'millenials', 'boomers']",['gen x']
memes_3685.png,[],['libertarians'],"['owl', 'cats', 'libertarian party']",[]
covid_memes_5537.png,[],"['obama', 'barack obama']","['h1n1', 'covid19', 'world health organization 9who)', 'pandemic', 'national emergency']",['donald trump']
memes_1431.png,[],['donald trump'],"['muslim', 'hispanic', 'immigrant', 'democratic party']",[]
covid_memes_1992.png,[],[],"['coronavirus', 'airport']",[]
memes_4833.png,[],[],"['washington', 'democratic-republican party', 'federalist party']",[]
covid_memes_487.png,[],[],"['beyonce', 'school', 'cafeteria', 'tupac']",[]
covid_memes_604.png,[],[],"['orange park', 'jacksonville']",[]
memes_4556.png,[],['republican party'],[],['poor']
covid_memes_5664.png,[],['donald trump'],['virus'],"['economy', 'people']"
memes_5913.png,[],[],"['donald trump', 'bleach']",[]
covid_memes_5640.png,[],['donald trump'],"['quarantine', 'covid19']",[]
memes_6197.png,['mary lou patberg'],[],"['2020', 'donald trump']",[]
memes_8225.png,[],['donald trump'],[],[]
memes_2303.png,[],[],"['green party', 'texas', 'jill stein', 'sacul', 'hurricane sandy', 'winnsboro tree village']",[]
covid_memes_5559.png,[],"['covid19', 'donald trump']",[],[]
memes_5850.png,[],['donald trump'],"['hillary clinton', 'american', 'pbs news']",['american people']
covid_memes_5545.png,[],['nancy pelosi'],['donald trump'],[]
covid_memes_464.png,[],[],"['quarantine', 'cat']",[]
covid_memes_2841.png,[],[],"['working from home', 'work from home']",[]
covid_memes_5490.png,[],[],"['trump', 'donald trump', 'covid', 'covid19', 'hitler', 'adolf hitler']",[]
memes_1423.png,[],"['democrats', 'democratic party']","['john f kennedy', 'communist', 'john f. kennedy', 'democrat party']",[]
memes_4916.png,[],"['republican party', 'donald trump']","['abraham lincoln', 'bush', 'eisenhower', 'george bush', 'lincoln', 'reagan']",[]
memes_6746.png,[],['joe biden'],[],[]
covid_memes_52.png,[],[],"['cyberpunk', 'covid19 vaccine', 'cyberpunk 2077']",[]
memes_4455.png,[],[],"['democratic debate', 'elizabeth warrens']",[]
memes_2670.png,[],[],"['wifi', 'joe biden', 'barack obama']",[]
memes_4293.png,[],['democrats'],"['american flag', 'american presidential debate', 'democratic debate', 'democrat debate']",[]
memes_1805.png,[],[],"['green party', 'london', 'brighton pavilion', 'bbc', 'carolin lucas', 'arm fair', 'caroline lucas']",[]
covid_memes_5717.png,[],['donald trump'],[],['syria']
memes_4941.png,[],"['donald trump', 'democrats', 'barack obama']","['nugent', ""o'reilly"", 'giuliani', 'doanld trump']",[]
memes_36.png,[],"['elizabeth warrens', 'nancy pelosi', 'democratic party']",['maxine waters'],[]
covid_memes_1264.png,[],[],"['toilet paper', 'thursday']",[]
covid_memes_65.png,[],[],"['the milennial grind', 'zoom meeting', 'covid19', 'work from home', 'quarantine', 'memes', 'coworker', 'work from home memes']",[]
memes_1019.png,[],[],"['cheese', 'barack obama']",[]
memes_3429.png,[],[],"['libertarian party', 'north carolina', 'libertarian party of north carolina']",[]
covid_memes_1890.png,[],[],"['toilet paper', 'mastercard', 'visa']",[]
memes_3708.png,[],['us people'],"['people', 'state laws', 'state', 'us']",[]
covid_memes_3061.png,[],[],"['wash hands', 'mask', 'safety measures']",[]
covid_memes_997.png,[],[],"['scripts', 'quarantining', 'quarantine', 'closet', 'cat food']",[]
memes_4611.png,[],['democrats'],[],[]
covid_memes_2287.png,[],['donald trump'],"['social distancing', 'mask', 'china virus', 'president', 'face mask', 'sheeple']",[]
memes_1269.png,[],['democratic party'],['circus'],[]
memes_1576.png,[],[],['national rifle association (nra)'],[]
memes_3620.png,[],[],"['c-span', 'libertarian party', 'libertarian party national convention', 'ron paul', 'florida', 'orlando']",[]
memes_6005.png,[],[],"['counties', 'pennsylvania', 'donald trump']",[]
memes_2856.png,[],[],"['drawer', 'the oval', 'barack obama', 'joe biden']",['muslim']
memes_1430.png,[],['democratic party'],[],['america']
memes_6622.png,[],[],"['donald trump', 'barack obama', 'mike pence', 'joe biden', 'pen']",[]
memes_4998.png,[],"['donald trump', 'republican party', 'fox news', 'roger ailes']",[],[]
covid_memes_109.png,[],[],"['germs', 'people']",[]
memes_6846.png,[],['donald trump'],"['mask', 'media']",[]
covid_memes_5694.png,[],[],"['kim jong un', 'donald trump', 'kim jong-un']",[]
memes_3578.png,[],[],"['republican liberty caucus', 'libertarian party', 'republican party of caucus']",[]
memes_1112.png,[],[],['barack obama'],[]
memes_6907.png,[],[],['donald trump'],[]
memes_2892.png,[],[],"['british foreign secretary', 'nigel farage', 'joe biden', 'barack obama']",[]
covid_memes_5655.png,[],['donald trump'],['covid19'],['america']
memes_3641.png,[],"['libertarians', 'libertarian party']",['americans'],[]
memes_8062.png,[],[],"['donald trump', 'wig']",[]
memes_1533.png,[],['donald trump'],"['joseph', 'kamala harris']",['jewish']
memes_1353.png,[],[],"['ku klux klan (kkk)', 'democrat party', 'antifa', 'democratic party']",[]
covid_memes_66.png,[],[],['work from home'],[]
covid_memes_585.png,[],[],"['2021', 'covid', 'beer', 'covid19']",[]
covid_memes_5701.png,[],[],"['mail in ballots', 'mail', 'donald trump']",[]
covid_memes_159.png,[],[],"['monitors', 'docking station']",[]
covid_memes_2432.png,[],[],"['mask', 'covid', 'america', 'covid19']",[]
memes_2870.png,[],[],"['cheetos', 'bathroom', 'barack obama', 'joe biden']",[]
covid_memes_5375.png,[],[],['covid19'],[]
memes_6298.png,[],[],"['georgia', 'pennsylvania']",[]
covid_memes_1462.png,[],[],['personal protective equipment (ppe)'],[]
covid_memes_5565.png,[],['donald trump'],"['2020', 'coronavirus']",[]
covid_memes_5533.png,[],['donald trump'],['election'],[]
memes_1650.png,"['hiliary clinton', 'hillary clinton']",[],"['president', 'america']",[]
memes_4914.png,[],"['muslim', 'moslem']","['constitution', 'president', 'congress']",[]
covid_memes_1021.png,[],[],"['vaccine', 'scientists', 'coronavirus', 'parent', 'school', 'schools']",['parents']
covid_memes_2889.png,[],[],"['tuesday', 'monday']",[]
covid_memes_5661.png,[],[],"['donald trump', 'slumdog millionaire']",[]
memes_6719.png,[],[],"['criminal', 'debate', 'joe biden', 'donald trump']",[]
covid_memes_1541.png,[],[],"['masks', 'mask']",[]
covid_memes_5629.png,[],[],"['covid19', 'coronavirus', 'donald trump']",[]
covid_memes_5562.png,[],['donald trump'],"['donald trump oklahoma', 'oklahoma']",[]
covid_memes_5735.png,[],['donald trump'],"['disinfectant', 'usa', 'coronavirus']",[]
covid_memes_5575.png,[],['donald trump'],"['hawai', 'hawaii', 'covid19']",[]
memes_3392.png,[],['hillary clinton'],"['gary johnson', 'jobs', 'american citizens', 'government']",[]
covid_memes_5755.png,[],[],"['spotify', 'donald trump', 'ads', 'ad', 'music']",[]
covid_memes_1602.png,[],[],['coronavirus'],[]
memes_965.png,[],[],"['border', 'child', 'barack obama']",[]
covid_memes_5570.png,[],[],"['non commissioned officer (nco)', 'non-commissioned officer (nco)']",[]
memes_2642.png,[],[],"['joe biden', 'barack obama']",[]
covid_memes_2932.png,[],[],"['palettes', 'brush', 'make up', 'the media', 'work from home', 'working from home']",[]
memes_97.png,[],['barack obama'],"['texas', 'donald trump', 'libertarian party', 'dictator', 'people', 'libertarian', 'libertarian party of texas']",[]
covid_memes_2331.png,[],[],"['school', 'mask', 'donald trump']",['parents']
memes_4772.png,[],"['republican party', 'republicans']",['grand old party (gop)'],[]
memes_1531.png,[],['nancy pelosi'],"['donald trump', 'jaff van drew', 'democratic representative', 'jeff van', 'grand old party (gop)']",[]
memes_4275.png,[],[],"['joe biden', 'democratic party']",[]
covid_memes_5718.png,[],[],"['donald trump', 'presidential debate', 'covid', 'covid19', 'moderator', 'joe biden']",[]
covid_memes_92.png,[],[],"['coronavirus', 'mask']",[]
covid_memes_5680.png,[],['donald trump'],['covid19'],['people']
covid_memes_5539.png,[],[],"['covid19', 'donald trump']",[]
memes_1371.png,[],['hillary clinton'],['democratic party'],[]
covid_memes_5583.png,[],[],"['h1n1 vs covid19', 'h1n1', 'covid19']",[]
covid_memes_2262.png,[],[],"['covid', 'america', 'covid19']",[]
memes_2767.png,[],[],"['mike pence', 'joe biden']",[]
covid_memes_5716.png,[],['donald trump'],"['adolf hitler', 'hitler', 'covid19']",[]
memes_1545.png,[],['democrats'],"['god', 'communist', 'atheist']",[]
covid_memes_5711.png,[],[],"['hillary clinton', 'covfefe']",[]
covid_memes_2263.png,[],[],"['mask', 'donald trump', 'joe biden']",[]
memes_864.png,[],['barack obama'],"['books', 'speech', 'drugs']",[]
covid_memes_2069.png,[],[],"['times of india', 'doctors', 'covid19', 'covid19 vaccine', 'coronavirus vaccine']",[]
covid_memes_470.png,[],[],"['coronavirus', 'mask', 'house']",[]
memes_4989.png,[],"['democrats', 'republicans']",['1965'],[]
memes_6725.png,[],['china'],['joe biden'],[]
memes_1385.png,[],['democratic party'],['antifa'],[]
memes_173.png,[],[],"['bernie sanders', 'elizabeth warren', 'memes', 'elizabeth warrens']",[]
memes_8122.png,[],['donald trump'],[],"['oreo', 'oreos', 'mexican']"
memes_2639.png,[],[],"['joe biden memes', 'joe biden', 'memes']",[]
covid_memes_1133.png,[],[],['covid'],['teddy roosevelt']
covid_memes_54.png,[],[],"['mask', 'donald trump']",[]
memes_1785.png,[],['green party'],"['climate chnage', 'climate change']",[]
covid_memes_5637.png,[],['donald trump'],[],['nation']
memes_6360.png,[],[],"['joe biden', 'barack obama']",[]
covid_memes_83.png,['corona beer'],[],"['wuhan virus', 'coronavirus', 'corona', 'high temperatures', 'alcohol']",[]
covid_memes_2821.png,[],[],"['government', 'firemen', 'work from home']",[]
memes_3330.png,[],[],"['gary johnson', 'cakes']",['people']
memes_1664.png,[],['nancy pelosi'],"['democracy', 'democratic', 'george floyd', '0.33']",[]
memes_1703.png,[],[],['donald trump'],[]
memes_1620.png,[],"['democratic party', 'arab muslims']",[],['black people']
memes_3464.png,[],['government'],[],[]
memes_6727.png,[],[],"['donald trump', 'mic', 'sound guys', 'debate commission', 'joe biden']",[]
covid_memes_161.png,[],[],"['working from home', 'work from home']",[]
covid_memes_5659.png,[],[],"['boomer', 'america', 'donald trump']",[]
memes_6610.png,[],[],"['vice president', 'kamala harris', 'joe biden']",[]
memes_1408.png,[],[],"['democrat candidates', 'democrats', '2020']",[]
memes_8246.png,[],[],['donald trump'],[]
memes_3602.png,[],[],"['gun ban', 'criminals', 'gun']",[]
covid_memes_1625.png,[],[],['2020'],[]
memes_1991.png,[],[],"['green party', 'amanda lind', 'sweden', 'minister of culture']",[]
